{"validation_loss": {"_type": "histogram", "values": [10, 0, 0, 0, 0, 0, 0, 0, 0, 0, 0, 0, 0, 0, 0, 0, 0, 0, 0, 0, 0, 0, 0, 0, 0, 0, 0, 0, 0, 0, 0, 0, 0, 0, 0, 0, 0, 0, 0, 0, 0, 0, 0, 0, 0, 0, 0, 0, 0, 0, 0, 0, 0, 0, 0, 0, 0, 0, 0, 0, 0, 0, 0, 0, 0, 0, 0, 0, 0, 0, 0, 0, 0, 0, 0, 0, 0, 0, 0, 0, 0, 0, 0, 0, 0, 0, 0, 0, 0, 0, 0, 0, 0, 0, 0, 0, 0, 0, 0, 0, 0, 0, 0, 0, 0, 0, 0, 0, 0, 0, 0, 0, 0, 0, 2, 1, 1, 1, 0, 0, 0, 0, 0, 0, 0, 0, 0, 0, 0, 0, 0, 0, 0, 0, 0, 0, 0, 0, 0, 0, 0, 0, 0, 0, 0, 0, 0, 0, 0, 0, 0, 0, 0, 0, 0, 0, 0, 0, 0, 0, 0, 0, 0, 0, 0, 0, 0, 0, 0, 0, 0, 0, 0, 0, 0, 0, 0, 0, 2, 0, 0, 0, 0, 0, 0, 0, 0, 0, 0, 0, 0, 0, 0, 0, 0, 0, 0, 0, 0, 0, 0, 0, 0, 0, 0, 0, 0, 0, 0, 0, 0, 0, 0, 0, 0, 0, 0, 0, 0, 0, 0, 0, 0, 0, 0, 0, 0, 0, 0, 0, 0, 0, 0, 0, 0, 0, 0, 0, 0, 0, 0, 0, 0, 0, 0, 0, 0, 0, 0, 0, 0, 0, 0, 0, 0, 1], "bins": [0.04142105579376221, 7559.193114723545, 15118.344808391295, 22677.496502059046, 30236.648195726797, 37795.79988939455, 45354.9515830623, 52914.10327673005, 60473.2549703978, 68032.40666406555, 75591.5583577333, 83150.71005140105, 90709.8617450688, 98269.01343873655, 105828.1651324043, 113387.31682607206, 120946.4685197398, 128505.62021340756, 136064.7719070753, 143623.92360074306, 151183.0752944108, 158742.22698807856, 166301.3786817463, 173860.53037541406, 181419.6820690818, 188978.83376274956, 196537.98545641731, 204097.13715008507, 211656.28884375282, 219215.44053742057, 226774.59223108832, 234333.74392475607, 241892.89561842382, 249452.04731209157, 257011.19900575932, 264570.3506994271, 272129.5023930948, 279688.6540867626, 287247.8057804303, 294806.9574740981, 302366.1091677658, 309925.2608614336, 317484.4125551013, 325043.5642487691, 332602.71594243683, 340161.8676361046, 347721.01932977233, 355280.1710234401, 362839.32271710783, 370398.4744107756, 377957.62610444333, 385516.7777981111, 393075.92949177884, 400635.0811854466, 408194.23287911434, 415753.3845727821, 423312.53626644984, 430871.6879601176, 438430.83965378534, 445989.9913474531, 453549.14304112084, 461108.2947347886, 468667.44642845634, 476226.5981221241, 483785.74981579185, 491344.9015094596, 498904.05320312735, 506463.2048967951, 514022.35659046285, 521581.5082841306, 529140.6599777984, 536699.8116714661, 544258.9633651339, 551818.1150588016, 559377.2667524694, 566936.4184461371, 574495.5701398049, 582054.7218334726, 589613.8735271404, 597173.0252208081, 604732.1769144759, 612291.3286081436, 619850.4803018114, 627409.6319954791, 634968.7836891469, 642527.9353828146, 650087.0870764824, 657646.2387701501, 665205.3904638179, 672764.5421574856, 680323.6938511534, 687882.8455448211, 695441.9972384889, 703001.1489321566, 710560.3006258244, 718119.4523194921, 725678.6040131599, 733237.7557068276, 740796.9074004954, 748356.0590941631, 755915.2107878309, 763474.3624814986, 771033.5141751664, 778592.6658688341, 786151.8175625019, 793710.9692561696, 801270.1209498374, 808829.2726435051, 816388.4243371729, 823947.5760308406, 831506.7277245084, 839065.8794181761, 846625.0311118439, 854184.1828055116, 861743.3344991794, 869302.4861928471, 876861.6378865149, 884420.7895801826, 891979.9412738504, 899539.0929675181, 907098.2446611859, 914657.3963548536, 922216.5480485214, 929775.6997421891, 937334.8514358569, 944894.0031295246, 952453.1548231924, 960012.3065168601, 967571.4582105279, 975130.6099041956, 982689.7615978634, 990248.9132915311, 997808.0649851989, 1005367.2166788667, 1012926.3683725344, 1020485.5200662022, 1028044.6717598699, 1035603.8234535377, 1043162.9751472054, 1050722.1268408732, 1058281.278534541, 1065840.4302282087, 1073399.5819218764, 1080958.7336155442, 1088517.885309212, 1096077.0370028797, 1103636.1886965474, 1111195.3403902152, 1118754.492083883, 1126313.6437775507, 1133872.7954712184, 1141431.9471648862, 1148991.098858554, 1156550.2505522217, 1164109.4022458894, 1171668.5539395572, 1179227.705633225, 1186786.8573268927, 1194346.0090205604, 1201905.1607142282, 1209464.312407896, 1217023.4641015637, 1224582.6157952314, 1232141.7674888992, 1239700.919182567, 1247260.0708762347, 1254819.2225699024, 1262378.3742635702, 1269937.525957238, 1277496.6776509057, 1285055.8293445734, 1292614.9810382412, 1300174.132731909, 1307733.2844255767, 1315292.4361192444, 1322851.5878129122, 1330410.73950658, 1337969.8912002477, 1345529.0428939154, 1353088.1945875832, 1360647.346281251, 1368206.4979749187, 1375765.6496685864, 1383324.8013622542, 1390883.953055922, 1398443.1047495897, 1406002.2564432574, 1413561.4081369252, 1421120.559830593, 1428679.7115242607, 1436238.8632179284, 1443798.0149115962, 1451357.166605264, 1458916.3182989317, 1466475.4699925995, 1474034.6216862672, 1481593.773379935, 1489152.9250736027, 1496712.0767672705, 1504271.2284609382, 1511830.380154606, 1519389.5318482737, 1526948.6835419415, 1534507.8352356092, 1542066.986929277, 1549626.1386229447, 1557185.2903166125, 1564744.4420102802, 1572303.593703948, 1579862.7453976157, 1587421.8970912835, 1594981.0487849512, 1602540.200478619, 1610099.3521722867, 1617658.5038659545, 1625217.6555596222, 1632776.80725329, 1640335.9589469577, 1647895.1106406255, 1655454.2623342932, 1663013.414027961, 1670572.5657216287, 1678131.7174152965, 1685690.8691089642, 1693250.020802632, 1700809.1724962997, 1708368.3241899675, 1715927.4758836352, 1723486.627577303, 1731045.7792709707, 1738604.9309646385, 1746164.0826583062, 1753723.234351974, 1761282.3860456417, 1768841.5377393095, 1776400.6894329772, 1783959.841126645, 1791518.9928203127, 1799078.1445139805, 1806637.2962076482, 1814196.447901316, 1821755.5995949837, 1829314.7512886515, 1836873.9029823192, 1844433.054675987, 1851992.2063696547, 1859551.3580633225, 1867110.5097569902, 1874669.661450658, 1882228.8131443257, 1889787.9648379935, 1897347.1165316612, 1904906.268225329, 1912465.4199189967, 1920024.5716126645, 1927583.7233063322, 1935142.875]}, "position_loss": {"_type": "histogram", "values": [10, 0, 0, 0, 0, 0, 0, 0, 0, 0, 0, 0, 0, 0, 0, 0, 0, 0, 0, 0, 0, 0, 0, 0, 0, 0, 0, 0, 0, 0, 0, 0, 0, 0, 0, 0, 0, 0, 0, 0, 0, 0, 0, 0, 0, 0, 0, 0, 0, 0, 0, 0, 0, 0, 0, 0, 0, 0, 0, 0, 0, 0, 0, 0, 0, 0, 0, 0, 0, 0, 0, 0, 0, 0, 0, 0, 0, 0, 0, 0, 0, 0, 0, 0, 0, 0, 0, 0, 0, 0, 0, 0, 0, 0, 0, 0, 0, 0, 0, 0, 0, 0, 0, 0, 0, 0, 0, 0, 0, 0, 0, 0, 0, 0, 2, 1, 1, 1, 0, 0, 0, 0, 0, 0, 0, 0, 0, 0, 0, 0, 0, 0, 0, 0, 0, 0, 0, 0, 0, 0, 0, 0, 0, 0, 0, 0, 0, 0, 0, 0, 0, 0, 0, 0, 0, 0, 0, 0, 0, 0, 0, 0, 0, 0, 0, 0, 0, 0, 0, 0, 0, 0, 0, 0, 0, 0, 0, 0, 2, 0, 0, 0, 0, 0, 0, 0, 0, 0, 0, 0, 0, 0, 0, 0, 0, 0, 0, 0, 0, 0, 0, 0, 0, 0, 0, 0, 0, 0, 0, 0, 0, 0, 0, 0, 0, 0, 0, 0, 0, 0, 0, 0, 0, 0, 0, 0, 0, 0, 0, 0, 0, 0, 0, 0, 0, 0, 0, 0, 0, 0, 0, 0, 0, 0, 0, 0, 0, 0, 0, 0, 0, 0, 0, 0, 0, 1],